task_id,persona,primary_dimension,secondary_dimension,hotel_id,hotel_name,n_respondents,n_shown,n_chosen,share,share_pct,rank_in_group,mean_neg_log_position,spatial,accessibility,facility,economic,disruption,price_lkr,rating,star,distance_km
t1,Evening walker,spatial,economic,lp102b02,Marino Beach Colombo,241,240,0,0.0,0.0,32,-2.7849,0.406,0.344,0.9047,0.469,0.625,30177,4.6,5,3.2
t1,Evening walker,spatial,economic,lp6557c6e0,Granbell Hotel Colombo,241,240,0,0.0,0.0,14,-2.5429,0.531,0.625,0.5422,0.5,0.35,28807,4.6,4,2.3
t1,Evening walker,spatial,economic,lp741c5,Cinnamon Red Colombo,241,240,0,0.0,0.0,24,-2.7996,0.5,0.5,0.6266,0.375,0.35,36530,4.5,4,1.9
t1,Evening walker,spatial,economic,lp9855f,Fairway Colombo - Sri Lanka's First Hotel With Robot Technology,241,240,0,0.0,0.0,29,-2.4234,0.781,0.688,0.525,0.531,0.5,28429,4.2,4,2.1
t1,Evening walker,spatial,economic,lp655a9e91,Zest Metropole,241,240,0,0.0,0.0,30,-2.1919,0.75,0.781,0.5375,0.656,0.5,21223,4.3,4,2.0
t1,Evening walker,spatial,economic,lp656d3aa9,Sofia Colombo City Hotel,241,240,0,0.0,0.0,31,-2.7402,0.438,0.594,0.5922,0.594,0.35,23620,4.3,4,2.4
t1,Evening walker,spatial,economic,lp803e1,Galle Face Hotel,241,240,0,0.0,0.0,12,-2.1915,0.719,0.875,0.8141,0.281,0.4,38531,4.5,5,1.8
t1,Evening walker,spatial,economic,lpb1537,Shangri-La Colombo,241,240,77,0.320833,32.08,1,-1.0256,0.969,0.969,0.9281,0.031,0.4,68781,4.7,5,1.9
t1,Evening walker,spatial,economic,lp3e58e,The Kingsbury Colombo,241,240,52,0.216667,21.67,2,-1.7032,0.938,0.906,0.8766,0.312,0.55,37025,4.2,5,2.2
t1,Evening walker,spatial,economic,lp30277,Hilton Colombo Residence,241,240,0,0.0,0.0,28,-2.7147,0.688,0.469,0.9062,0.188,0.55,43133,4.4,5,0.9
t1,Evening walker,spatial,economic,lp67708,Supun Arcade Residency,241,240,0,0.0,0.0,27,-3.0426,0.094,0.156,0.4906,0.719,0.725,20768,3.8,4,5.7
t1,Evening walker,spatial,economic,lp7c172,Mirage Colombo,241,240,0,0.0,0.0,26,-3.0559,0.031,0.062,0.6328,0.75,0.8,20482,3.8,4,6.3
t1,Evening walker,spatial,economic,lp33ddb,"Taj Samudra, Colombo",241,240,7,0.029167,2.92,9,-1.9796,0.875,0.812,0.9016,0.156,0.55,43993,4.5,5,1.7
t1,Evening walker,spatial,economic,lpa0a8a,NH Collection Colombo,241,240,1,0.004167,0.42,11,-2.5599,0.562,0.531,0.9594,0.344,0.325,36981,4.6,5,2.0
t1,Evening walker,spatial,economic,lp1bc0d,Hilton Colombo Hotel,241,240,0,0.0,0.0,25,-2.3797,0.906,0.562,0.8547,0.125,0.475,47767,4.2,5,1.9
t1,Evening walker,spatial,economic,lp71118,CityRest Fort,241,241,36,0.149378,14.94,3,-1.7669,0.812,0.844,0.1922,0.969,0.45,11502,3.5,3,2.0
t1,Evening walker,spatial,economic,lp43673,Pegasus Reef - A Beach Resort in Colombo,241,240,0,0.0,0.0,23,-3.0348,0.0,0.0,0.5859,0.781,0.95,20121,4.0,4,8.1
t1,Evening walker,spatial,economic,lpc0df6,Fern Colombo,241,241,0,0.0,0.0,22,-2.747,0.344,0.188,0.1422,0.844,0.75,16245,4.0,3,1.8
t1,Evening walker,spatial,economic,lp6574b103,"Amari Colombo, Sri Lanka",241,240,0,0.0,0.0,21,-2.5923,0.594,0.719,0.8687,0.219,0.4,42203,4.5,5,2.2
t1,Evening walker,spatial,economic,lp81760,The Steuart by Citrus,241,240,8,0.033333,3.33,8,-1.9559,0.844,0.938,0.4266,0.625,0.5,22604,4.2,4,2.2
t1,Evening walker,spatial,economic,lp67286,Colombo Court Hotel & Spa,241,240,0,0.0,0.0,20,-3.0176,0.281,0.375,0.5938,0.094,0.725,52144,4.5,4,3.3
t1,Evening walker,spatial,economic,lpc08f9,Morven Hotel Colombo,241,240,0,0.0,0.0,19,-2.3029,0.656,0.75,0.6703,0.688,0.2,21054,4.5,4,2.1
t1,Evening walker,spatial,economic,lp857b8,Zylan Colombo,241,240,0,0.0,0.0,18,-3.0519,0.219,0.125,0.6047,0.438,0.8,34557,4.5,4,2.0
t1,Evening walker,spatial,economic,lp72a36,Best Western Elyon Colombo,241,241,0,0.0,0.0,17,-2.9478,0.062,0.031,0.5687,0.812,0.875,19568,4.2,4,5.1
t1,Evening walker,spatial,economic,lp800a1,Nyne Hotels Lake Lodge - Colombo,241,240,0,0.0,0.0,16,-2.6897,0.625,0.438,0.5094,0.25,0.2,39335,4.6,4,1.5
t1,Evening walker,spatial,economic,lp656d40c7,Sheraton Colombo Hotel,241,240,10,0.041667,4.17,7,-2.5978,0.469,0.656,0.7312,0.062,0.4,56627,4.7,5,2.2
t1,Evening walker,spatial,economic,lp40d3f,Global Towers Hotel & Apartments,241,241,0,0.0,0.0,15,-2.8252,0.125,0.219,0.5375,0.875,0.725,16041,3.5,4,5.6
t1,Evening walker,spatial,economic,lp5f0e5,Paradise Road Tintagel Colombo,241,240,6,0.025,2.5,10,-2.9735,0.375,0.25,0.8687,0.0,0.85,96633,4.5,5,1.7
t1,Evening walker,spatial,economic,lp6e625,Hotel Janaki,241,241,15,0.062241,6.22,5,-2.7205,0.188,0.094,0.2188,0.906,0.825,15319,4.0,3,4.2
t1,Evening walker,spatial,economic,lp76eba,Radisson Hotel Colombo,241,240,0,0.0,0.0,13,-3.0544,0.156,0.281,0.4703,0.562,0.8,27402,4.2,4,5.0
t1,Evening walker,spatial,economic,lp65589ffb,MaRadha Colombo,241,240,15,0.0625,6.25,4,-2.6334,0.25,0.312,0.325,0.406,0.675,35408,4.8,3,3.6
t1,Evening walker,spatial,economic,lp6f007,Clock Inn Colombo,241,241,14,0.058091,5.81,6,-2.4739,0.312,0.406,0.0563,0.938,0.625,13715,3.8,2,3.4
t2,Business traveller,accessibility,facility,lp102b02,Marino Beach Colombo,237,236,0,0.0,0.0,32,-2.6292,0.5,0.469,0.9047,0.469,0.625,30177,4.6,5,3.2
t2,Business traveller,accessibility,facility,lp6557c6e0,Granbell Hotel Colombo,237,236,0,0.0,0.0,14,-2.6932,0.312,0.594,0.5422,0.5,0.35,28807,4.6,4,2.3
t2,Business traveller,accessibility,facility,lp741c5,Cinnamon Red Colombo,237,236,0,0.0,0.0,15,-2.5447,0.531,0.781,0.6266,0.375,0.35,36530,4.5,4,1.9
t2,Business traveller,accessibility,facility,lp9855f,Fairway Colombo - Sri Lanka's First Hotel With Robot Technology,237,236,0,0.0,0.0,17,-3.225,0.094,0.125,0.525,0.531,0.5,28429,4.2,4,2.1
t2,Business traveller,accessibility,facility,lp655a9e91,Zest Metropole,237,236,0,0.0,0.0,18,-3.2241,0.125,0.219,0.5375,0.656,0.5,21223,4.3,4,2.0
t2,Business traveller,accessibility,facility,lp656d3aa9,Sofia Colombo City Hotel,237,236,0,0.0,0.0,23,-2.7807,0.469,0.531,0.5922,0.594,0.35,23620,4.3,4,2.4
t2,Business traveller,accessibility,facility,lp803e1,Galle Face Hotel,237,236,0,0.0,0.0,25,-2.9989,0.25,0.406,0.8141,0.281,0.4,38531,4.5,5,1.8
t2,Business traveller,accessibility,facility,lpb1537,Shangri-La Colombo,237,236,10,0.042373,4.24,6,-2.9508,0.219,0.188,0.9281,0.031,0.4,68781,4.7,5,1.9
t2,Business traveller,accessibility,facility,lp3e58e,The Kingsbury Colombo,237,236,0,0.0,0.0,20,-3.3487,0.062,0.062,0.8766,0.312,0.55,37025,4.2,5,2.2
t2,Business traveller,accessibility,facility,lp30277,Hilton Colombo Residence,237,236,0,0.0,0.0,21,-2.3575,0.656,0.719,0.9062,0.188,0.55,43133,4.4,5,0.9
t2,Business traveller,accessibility,facility,lp67708,Supun Arcade Residency,237,236,0,0.0,0.0,30,-2.4215,0.781,0.344,0.4906,0.719,0.725,20768,3.8,4,5.7
t2,Business traveller,accessibility,facility,lp7c172,Mirage Colombo,237,236,0,0.0,0.0,29,-2.9572,0.562,0.156,0.6328,0.75,0.8,20482,3.8,4,6.3
t2,Business traveller,accessibility,facility,lp33ddb,"Taj Samudra, Colombo",237,236,0,0.0,0.0,28,-3.0896,0.281,0.312,0.9016,0.156,0.55,43993,4.5,5,1.7
t2,Business traveller,accessibility,facility,lpa0a8a,NH Collection Colombo,237,236,0,0.0,0.0,27,-2.3909,0.438,0.812,0.9594,0.344,0.325,36981,4.6,5,2.0
t2,Business traveller,accessibility,facility,lp1bc0d,Hilton Colombo Hotel,237,236,0,0.0,0.0,26,-3.2537,0.188,0.031,0.8547,0.125,0.475,47767,4.2,5,1.9
t2,Business traveller,accessibility,facility,lp71118,CityRest Fort,237,237,6,0.025316,2.53,8,-3.2047,0.156,0.25,0.1922,0.969,0.45,11502,3.5,3,2.0
t2,Business traveller,accessibility,facility,lp43673,Pegasus Reef - A Beach Resort in Colombo,237,236,0,0.0,0.0,24,-3.3725,0.0,0.0,0.5859,0.781,0.95,20121,4.0,4,8.1
t2,Business traveller,accessibility,facility,lpc0df6,Fern Colombo,237,237,62,0.261603,26.16,2,-1.2511,0.875,0.938,0.1422,0.844,0.75,16245,4.0,3,1.8
t2,Business traveller,accessibility,facility,lp6574b103,"Amari Colombo, Sri Lanka",237,236,0,0.0,0.0,22,-2.8063,0.375,0.688,0.8687,0.219,0.4,42203,4.5,5,2.2
t2,Business traveller,accessibility,facility,lp81760,The Steuart by Citrus,237,236,0,0.0,0.0,31,-3.3312,0.031,0.094,0.4266,0.625,0.5,22604,4.2,4,2.2
t2,Business traveller,accessibility,facility,lp67286,Colombo Court Hotel & Spa,237,236,1,0.004237,0.42,11,-1.9212,0.812,0.844,0.5938,0.094,0.725,52144,4.5,4,3.3
t2,Business traveller,accessibility,facility,lpc08f9,Morven Hotel Colombo,237,236,0,0.0,0.0,19,-2.8889,0.344,0.5,0.6703,0.688,0.2,21054,4.5,4,2.1
t2,Business traveller,accessibility,facility,lp857b8,Zylan Colombo,237,236,63,0.266949,26.69,1,-0.7443,0.938,0.969,0.6047,0.438,0.8,34557,4.5,4,2.0
t2,Business traveller,accessibility,facility,lp72a36,Best Western Elyon Colombo,237,237,46,0.194093,19.41,3,-1.1366,0.969,0.75,0.5687,0.812,0.875,19568,4.2,4,5.1
t2,Business traveller,accessibility,facility,lp800a1,Nyne Hotels Lake Lodge - Colombo,237,236,0,0.0,0.0,16,-2.2948,0.594,0.625,0.5094,0.25,0.2,39335,4.6,4,1.5
t2,Business traveller,accessibility,facility,lp656d40c7,Sheraton Colombo Hotel,237,236,8,0.033898,3.39,7,-2.4982,0.406,0.656,0.7312,0.062,0.4,56627,4.7,5,2.2
t2,Business traveller,accessibility,facility,lp40d3f,Global Towers Hotel & Apartments,237,237,1,0.004219,0.42,12,-2.6054,0.688,0.281,0.5375,0.875,0.725,16041,3.5,4,5.6
t2,Business traveller,accessibility,facility,lp5f0e5,Paradise Road Tintagel Colombo,237,236,24,0.101695,10.17,4,-1.5466,0.844,0.906,0.8687,0.0,0.85,96633,4.5,5,1.7
t2,Business traveller,accessibility,facility,lp6e625,Hotel Janaki,237,237,2,0.008439,0.84,10,-1.6117,0.906,0.875,0.2188,0.906,0.825,15319,4.0,3,4.2
t2,Business traveller,accessibility,facility,lp76eba,Radisson Hotel Colombo,237,236,0,0.0,0.0,13,-2.6792,0.719,0.375,0.4703,0.562,0.8,27402,4.2,4,5.0
t2,Business traveller,accessibility,facility,lp65589ffb,MaRadha Colombo,237,236,11,0.04661,4.66,5,-2.4057,0.625,0.438,0.325,0.406,0.675,35408,4.8,3,3.6
t2,Business traveller,accessibility,facility,lp6f007,Clock Inn Colombo,237,237,3,0.012658,1.27,9,-2.3702,0.75,0.562,0.0563,0.938,0.625,13715,3.8,2,3.4
t3,Self-funded worker,economic,accessibility,lp102b02,Marino Beach Colombo,233,232,0,0.0,0.0,32,-2.8433,0.344,0.344,0.9047,0.469,0.625,30177,4.6,5,3.2
t3,Self-funded worker,economic,accessibility,lp6557c6e0,Granbell Hotel Colombo,233,232,0,0.0,0.0,20,-2.5049,0.5,0.594,0.5422,0.5,0.35,28807,4.6,4,2.3
t3,Self-funded worker,economic,accessibility,lp741c5,Cinnamon Red Colombo,233,232,0,0.0,0.0,24,-2.7213,0.531,0.469,0.6266,0.375,0.35,36530,4.5,4,1.9
t3,Self-funded worker,economic,accessibility,lp9855f,Fairway Colombo - Sri Lanka's First Hotel With Robot Technology,233,232,40,0.172414,17.24,2,-1.3655,0.969,0.781,0.525,0.531,0.5,28429,4.2,4,2.1
t3,Self-funded worker,economic,accessibility,lp655a9e91,Zest Metropole,233,232,29,0.125,12.5,4,-1.69,0.906,0.844,0.5375,0.656,0.5,21223,4.3,4,2.0
t3,Self-funded worker,economic,accessibility,lp656d3aa9,Sofia Colombo City Hotel,233,232,0,0.0,0.0,12,-2.7996,0.438,0.562,0.5922,0.594,0.35,23620,4.3,4,2.4
t3,Self-funded worker,economic,accessibility,lp803e1,Galle Face Hotel,233,232,0,0.0,0.0,31,-2.3733,0.719,0.812,0.8141,0.281,0.4,38531,4.5,5,1.8
t3,Self-funded worker,economic,accessibility,lpb1537,Shangri-La Colombo,233,232,20,0.086207,8.62,5,-1.905,0.781,0.906,0.9281,0.031,0.4,68781,4.7,5,1.9
t3,Self-funded worker,economic,accessibility,lp3e58e,The Kingsbury Colombo,233,232,18,0.077586,7.76,6,-1.8378,0.844,0.938,0.8766,0.312,0.55,37025,4.2,5,2.2
t3,Self-funded worker,economic,accessibility,lp30277,Hilton Colombo Residence,233,232,0,0.0,0.0,30,-2.6122,0.688,0.5,0.9062,0.188,0.55,43133,4.4,5,0.9
t3,Self-funded worker,economic,accessibility,lp67708,Supun Arcade Residency,233,232,0,0.0,0.0,29,-3.1098,0.062,0.125,0.4906,0.719,0.725,20768,3.8,4,5.7
t3,Self-funded worker,economic,accessibility,lp7c172,Mirage Colombo,233,232,0,0.0,0.0,28,-3.1333,0.031,0.062,0.6328,0.75,0.8,20482,3.8,4,6.3
t3,Self-funded worker,economic,accessibility,lp33ddb,"Taj Samudra, Colombo",233,232,0,0.0,0.0,27,-2.3553,0.75,0.719,0.9016,0.156,0.55,43993,4.5,5,1.7
t3,Self-funded worker,economic,accessibility,lpa0a8a,NH Collection Colombo,233,232,0,0.0,0.0,26,-2.6568,0.594,0.531,0.9594,0.344,0.325,36981,4.6,5,2.0
t3,Self-funded worker,economic,accessibility,lp1bc0d,Hilton Colombo Hotel,233,232,0,0.0,0.0,25,-2.3132,0.812,0.75,0.8547,0.125,0.475,47767,4.2,5,1.9
t3,Self-funded worker,economic,accessibility,lp71118,CityRest Fort,233,233,33,0.141631,14.16,3,-1.5309,0.875,0.875,0.1922,0.969,0.45,11502,3.5,3,2.0
t3,Self-funded worker,economic,accessibility,lp43673,Pegasus Reef - A Beach Resort in Colombo,233,232,0,0.0,0.0,23,-3.1192,0.0,0.0,0.5859,0.781,0.95,20121,4.0,4,8.1
t3,Self-funded worker,economic,accessibility,lpc0df6,Fern Colombo,233,233,0,0.0,0.0,22,-2.7695,0.375,0.25,0.1422,0.844,0.75,16245,4.0,3,1.8
t3,Self-funded worker,economic,accessibility,lp6574b103,"Amari Colombo, Sri Lanka",233,232,0,0.0,0.0,21,-2.7418,0.562,0.656,0.8687,0.219,0.4,42203,4.5,5,2.2
t3,Self-funded worker,economic,accessibility,lp81760,The Steuart by Citrus,233,232,53,0.228448,22.84,1,-1.2694,0.938,0.969,0.4266,0.625,0.5,22604,4.2,4,2.2
t3,Self-funded worker,economic,accessibility,lp67286,Colombo Court Hotel & Spa,233,232,0,0.0,0.0,19,-3.0806,0.281,0.375,0.5938,0.094,0.725,52144,4.5,4,3.3
t3,Self-funded worker,economic,accessibility,lpc08f9,Morven Hotel Colombo,233,232,0,0.0,0.0,18,-2.3588,0.625,0.688,0.6703,0.688,0.2,21054,4.5,4,2.1
t3,Self-funded worker,economic,accessibility,lp857b8,Zylan Colombo,233,232,0,0.0,0.0,17,-3.0175,0.312,0.188,0.6047,0.438,0.8,34557,4.5,4,2.0
t3,Self-funded worker,economic,accessibility,lp72a36,Best Western Elyon Colombo,233,233,0,0.0,0.0,16,-3.0319,0.094,0.031,0.5687,0.812,0.875,19568,4.2,4,5.1
t3,Self-funded worker,economic,accessibility,lp800a1,Nyne Hotels Lake Lodge - Colombo,233,232,0,0.0,0.0,15,-2.5664,0.656,0.438,0.5094,0.25,0.2,39335,4.6,4,1.5
t3,Self-funded worker,economic,accessibility,lp656d40c7,Sheraton Colombo Hotel,233,232,5,0.021552,2.16,9,-2.6284,0.469,0.625,0.7312,0.062,0.4,56627,4.7,5,2.2
t3,Self-funded worker,economic,accessibility,lp40d3f,Global Towers Hotel & Apartments,233,233,0,0.0,0.0,14,-2.9251,0.125,0.156,0.5375,0.875,0.725,16041,3.5,4,5.6
t3,Self-funded worker,economic,accessibility,lp5f0e5,Paradise Road Tintagel Colombo,233,232,1,0.00431,0.43,11,-2.9934,0.406,0.281,0.8687,0.0,0.85,96633,4.5,5,1.7
t3,Self-funded worker,economic,accessibility,lp6e625,Hotel Janaki,233,233,3,0.012876,1.29,10,-2.8192,0.188,0.094,0.2188,0.906,0.825,15319,4.0,3,4.2
t3,Self-funded worker,economic,accessibility,lp76eba,Radisson Hotel Colombo,233,232,0,0.0,0.0,13,-3.1147,0.156,0.219,0.4703,0.562,0.8,27402,4.2,4,5.0
t3,Self-funded worker,economic,accessibility,lp65589ffb,MaRadha Colombo,233,232,17,0.073276,7.33,7,-2.7088,0.219,0.312,0.325,0.406,0.675,35408,4.8,3,3.6
t3,Self-funded worker,economic,accessibility,lp6f007,Clock Inn Colombo,233,233,14,0.060086,6.01,8,-2.6219,0.25,0.406,0.0563,0.938,0.625,13715,3.8,2,3.4
t4,Family on holiday,facility,spatial,lp102b02,Marino Beach Colombo,225,224,1,0.004464,0.45,10,-1.5989,0.812,0.906,0.9047,0.469,0.625,30177,4.6,5,3.2
t4,Family on holiday,facility,spatial,lp6557c6e0,Granbell Hotel Colombo,225,225,1,0.004444,0.44,11,-2.36,0.594,0.625,0.5422,0.5,0.35,28807,4.6,4,2.3
t4,Family on holiday,facility,spatial,lp741c5,Cinnamon Red Colombo,225,224,0,0.0,0.0,14,-2.5769,0.562,0.562,0.6266,0.375,0.35,36530,4.5,4,1.9
t4,Family on holiday,facility,spatial,lp9855f,Fairway Colombo - Sri Lanka's First Hotel With Robot Technology,225,225,0,0.0,0.0,19,-3.272,0.031,0.062,0.525,0.531,0.5,28429,4.2,4,2.1
t4,Family on holiday,facility,spatial,lp655a9e91,Zest Metropole,225,225,0,0.0,0.0,24,-3.256,0.062,0.094,0.5375,0.656,0.5,21223,4.3,4,2.0
t4,Family on holiday,facility,spatial,lp656d3aa9,Sofia Colombo City Hotel,225,225,0,0.0,0.0,20,-2.3592,0.688,0.75,0.5922,0.594,0.35,23620,4.3,4,2.4
t4,Family on holiday,facility,spatial,lp803e1,Galle Face Hotel,225,224,0,0.0,0.0,31,-3.0412,0.281,0.344,0.8141,0.281,0.4,38531,4.5,5,1.8
t4,Family on holiday,facility,spatial,lpb1537,Shangri-La Colombo,225,224,6,0.026786,2.68,6,-2.908,0.219,0.219,0.9281,0.031,0.4,68781,4.7,5,1.9
t4,Family on holiday,facility,spatial,lp3e58e,The Kingsbury Colombo,225,224,0,0.0,0.0,30,-3.2285,0.156,0.156,0.8766,0.312,0.55,37025,4.2,5,2.2
t4,Family on holiday,facility,spatial,lp30277,Hilton Colombo Residence,225,224,0,0.0,0.0,29,-3.0607,0.312,0.25,0.9062,0.188,0.55,43133,4.4,5,0.9
t4,Family on holiday,facility,spatial,lp67708,Supun Arcade Residency,225,225,0,0.0,0.0,28,-2.1179,0.75,0.875,0.4906,0.719,0.725,20768,3.8,4,5.7
t4,Family on holiday,facility,spatial,lp7c172,Mirage Colombo,225,225,1,0.004444,0.44,12,-2.3983,0.719,0.688,0.6328,0.75,0.8,20482,3.8,4,6.3
t4,Family on holiday,facility,spatial,lp33ddb,"Taj Samudra, Colombo",225,224,0,0.0,0.0,27,-3.081,0.25,0.281,0.9016,0.156,0.55,43993,4.5,5,1.7
t4,Family on holiday,facility,spatial,lpa0a8a,NH Collection Colombo,225,224,0,0.0,0.0,26,-2.5838,0.5,0.594,0.9594,0.344,0.325,36981,4.6,5,2.0
t4,Family on holiday,facility,spatial,lp1bc0d,Hilton Colombo Hotel,225,224,0,0.0,0.0,25,-3.2524,0.188,0.031,0.8547,0.125,0.475,47767,4.2,5,1.9
t4,Family on holiday,facility,spatial,lp71118,CityRest Fort,225,225,4,0.017778,1.78,7,-3.2204,0.125,0.125,0.1922,0.969,0.45,11502,3.5,3,2.0
t4,Family on holiday,facility,spatial,lp43673,Pegasus Reef - A Beach Resort in Colombo,225,225,0,0.0,0.0,23,-3.3609,0.0,0.0,0.5859,0.781,0.95,20121,4.0,4,8.1
t4,Family on holiday,facility,spatial,lpc0df6,Fern Colombo,225,225,0,0.0,0.0,22,-2.924,0.375,0.375,0.1422,0.844,0.75,16245,4.0,3,1.8
t4,Family on holiday,facility,spatial,lp6574b103,"Amari Colombo, Sri Lanka",225,224,0,0.0,0.0,21,-2.7004,0.531,0.531,0.8687,0.219,0.4,42203,4.5,5,2.2
t4,Family on holiday,facility,spatial,lp81760,The Steuart by Citrus,225,225,0,0.0,0.0,32,-3.2987,0.094,0.188,0.4266,0.625,0.5,22604,4.2,4,2.2
t4,Family on holiday,facility,spatial,lp67286,Colombo Court Hotel & Spa,225,224,22,0.098214,9.82,3,-1.6,0.875,0.781,0.5938,0.094,0.725,52144,4.5,4,3.3
t4,Family on holiday,facility,spatial,lpc08f9,Morven Hotel Colombo,225,225,0,0.0,0.0,18,-2.7503,0.469,0.469,0.6703,0.688,0.2,21054,4.5,4,2.1
t4,Family on holiday,facility,spatial,lp857b8,Zylan Colombo,225,224,0,0.0,0.0,17,-2.9695,0.344,0.312,0.6047,0.438,0.8,34557,4.5,4,2.0
t4,Family on holiday,facility,spatial,lp72a36,Best Western Elyon Colombo,225,225,0,0.0,0.0,16,-2.5748,0.656,0.5,0.5687,0.812,0.875,19568,4.2,4,5.1
t4,Family on holiday,facility,spatial,lp800a1,Nyne Hotels Lake Lodge - Colombo,225,224,0,0.0,0.0,15,-2.771,0.438,0.438,0.5094,0.25,0.2,39335,4.6,4,1.5
t4,Family on holiday,facility,spatial,lp656d40c7,Sheraton Colombo Hotel,225,224,14,0.0625,6.25,5,-2.3147,0.625,0.656,0.7312,0.062,0.4,56627,4.7,5,2.2
t4,Family on holiday,facility,spatial,lp40d3f,Global Towers Hotel & Apartments,225,225,0,0.0,0.0,13,-1.9595,0.844,0.844,0.5375,0.875,0.725,16041,3.5,4,5.6
t4,Family on holiday,facility,spatial,lp5f0e5,Paradise Road Tintagel Colombo,225,224,3,0.013393,1.34,8,-2.8881,0.406,0.406,0.8687,0.0,0.85,96633,4.5,5,1.7
t4,Family on holiday,facility,spatial,lp6e625,Hotel Janaki,225,225,2,0.008889,0.89,9,-2.2032,0.781,0.719,0.2188,0.906,0.825,15319,4.0,3,4.2
t4,Family on holiday,facility,spatial,lp76eba,Radisson Hotel Colombo,225,225,78,0.346667,34.67,1,-0.568,0.969,0.969,0.4703,0.562,0.8,27402,4.2,4,5.0
t4,Family on holiday,facility,spatial,lp65589ffb,MaRadha Colombo,225,224,77,0.34375,34.38,2,-0.7605,0.938,0.938,0.325,0.406,0.675,35408,4.8,3,3.6
t4,Family on holiday,facility,spatial,lp6f007,Clock Inn Colombo,225,225,16,0.071111,7.11,4,-1.5567,0.906,0.812,0.0563,0.938,0.625,13715,3.8,2,3.4
t5,Light sleeper,disruption,economic,lp102b02,Marino Beach Colombo,225,225,0,0.0,0.0,32,-2.4123,0.594,0.594,0.9047,0.469,0.625,30177,4.6,5,3.2
t5,Light sleeper,disruption,economic,lp6557c6e0,Granbell Hotel Colombo,225,225,0,0.0,0.0,11,-2.7741,0.406,0.406,0.5422,0.5,0.35,28807,4.6,4,2.3
t5,Light sleeper,disruption,economic,lp741c5,Cinnamon Red Colombo,225,225,0,0.0,0.0,14,-2.6994,0.531,0.5,0.6266,0.375,0.35,36530,4.5,4,1.9
t5,Light sleeper,disruption,economic,lp9855f,Fairway Colombo - Sri Lanka's First Hotel With Robot Technology,225,225,0,0.0,0.0,16,-3.2471,0.094,0.062,0.525,0.531,0.5,28429,4.2,4,2.1
t5,Light sleeper,disruption,economic,lp655a9e91,Zest Metropole,225,225,0,0.0,0.0,24,-3.2339,0.125,0.125,0.5375,0.656,0.5,21223,4.3,4,2.0
t5,Light sleeper,disruption,economic,lp656d3aa9,Sofia Colombo City Hotel,225,225,0,0.0,0.0,29,-2.6904,0.562,0.531,0.5922,0.594,0.35,23620,4.3,4,2.4
t5,Light sleeper,disruption,economic,lp803e1,Galle Face Hotel,225,225,0,0.0,0.0,31,-3.0575,0.281,0.281,0.8141,0.281,0.4,38531,4.5,5,1.8
t5,Light sleeper,disruption,economic,lpb1537,Shangri-La Colombo,225,225,7,0.031111,3.11,6,-2.9054,0.219,0.219,0.9281,0.031,0.4,68781,4.7,5,1.9
t5,Light sleeper,disruption,economic,lp3e58e,The Kingsbury Colombo,225,225,0,0.0,0.0,9,-3.3023,0.062,0.156,0.8766,0.312,0.55,37025,4.2,5,2.2
t5,Light sleeper,disruption,economic,lp30277,Hilton Colombo Residence,225,225,0,0.0,0.0,30,-3.0437,0.312,0.312,0.9062,0.188,0.55,43133,4.4,5,0.9
t5,Light sleeper,disruption,economic,lp67708,Supun Arcade Residency,225,225,37,0.164444,16.44,3,-1.4885,0.906,0.875,0.4906,0.719,0.725,20768,3.8,4,5.7
t5,Light sleeper,disruption,economic,lp7c172,Mirage Colombo,225,225,0,0.0,0.0,28,-1.7182,0.875,0.906,0.6328,0.75,0.8,20482,3.8,4,6.3
t5,Light sleeper,disruption,economic,lp33ddb,"Taj Samudra, Colombo",225,225,0,0.0,0.0,27,-3.1046,0.25,0.25,0.9016,0.156,0.55,43993,4.5,5,1.7
t5,Light sleeper,disruption,economic,lpa0a8a,NH Collection Colombo,225,225,0,0.0,0.0,26,-2.5982,0.438,0.562,0.9594,0.344,0.325,36981,4.6,5,2.0
t5,Light sleeper,disruption,economic,lp1bc0d,Hilton Colombo Hotel,225,225,0,0.0,0.0,25,-3.2784,0.188,0.031,0.8547,0.125,0.475,47767,4.2,5,1.9
t5,Light sleeper,disruption,economic,lp71118,CityRest Fort,225,225,4,0.017778,1.78,7,-3.2295,0.156,0.094,0.1922,0.969,0.45,11502,3.5,3,2.0
t5,Light sleeper,disruption,economic,lp43673,Pegasus Reef - A Beach Resort in Colombo,225,225,0,0.0,0.0,23,-3.3654,0.0,0.0,0.5859,0.781,0.95,20121,4.0,4,8.1
t5,Light sleeper,disruption,economic,lpc0df6,Fern Colombo,225,225,0,0.0,0.0,22,-2.49,0.656,0.719,0.1422,0.844,0.75,16245,4.0,3,1.8
t5,Light sleeper,disruption,economic,lp6574b103,"Amari Colombo, Sri Lanka",225,225,0,0.0,0.0,21,-2.9078,0.375,0.469,0.8687,0.219,0.4,42203,4.5,5,2.2
t5,Light sleeper,disruption,economic,lp81760,The Steuart by Citrus,225,225,0,0.0,0.0,20,-3.286,0.031,0.188,0.4266,0.625,0.5,22604,4.2,4,2.2
t5,Light sleeper,disruption,economic,lp67286,Colombo Court Hotel & Spa,225,225,0,0.0,0.0,19,-2.0294,0.781,0.781,0.5938,0.094,0.725,52144,4.5,4,3.3
t5,Light sleeper,disruption,economic,lpc08f9,Morven Hotel Colombo,225,225,0,0.0,0.0,18,-2.9409,0.344,0.375,0.6703,0.688,0.2,21054,4.5,4,2.1
t5,Light sleeper,disruption,economic,lp857b8,Zylan Colombo,225,225,0,0.0,0.0,17,-2.1414,0.75,0.75,0.6047,0.438,0.8,34557,4.5,4,2.0
t5,Light sleeper,disruption,economic,lp72a36,Best Western Elyon Colombo,225,225,88,0.391111,39.11,1,-0.5357,0.969,0.969,0.5687,0.812,0.875,19568,4.2,4,5.1
t5,Light sleeper,disruption,economic,lp800a1,Nyne Hotels Lake Lodge - Colombo,225,225,0,0.0,0.0,15,-2.779,0.469,0.344,0.5094,0.25,0.2,39335,4.6,4,1.5
t5,Light sleeper,disruption,economic,lp656d40c7,Sheraton Colombo Hotel,225,225,13,0.057778,5.78,5,-2.514,0.5,0.438,0.7312,0.062,0.4,56627,4.7,5,2.2
t5,Light sleeper,disruption,economic,lp40d3f,Global Towers Hotel & Apartments,225,225,0,0.0,0.0,13,-1.8736,0.844,0.844,0.5375,0.875,0.725,16041,3.5,4,5.6
t5,Light sleeper,disruption,economic,lp5f0e5,Paradise Road Tintagel Colombo,225,225,0,0.0,0.0,12,-2.4848,0.625,0.656,0.8687,0.0,0.85,96633,4.5,5,1.7
t5,Light sleeper,disruption,economic,lp6e625,Hotel Janaki,225,225,60,0.266667,26.67,2,-1.0963,0.938,0.938,0.2188,0.906,0.825,15319,4.0,3,4.2
t5,Light sleeper,disruption,economic,lp76eba,Radisson Hotel Colombo,225,225,0,0.0,0.0,10,-2.0147,0.812,0.812,0.4703,0.562,0.8,27402,4.2,4,5.0
t5,Light sleeper,disruption,economic,lp65589ffb,MaRadha Colombo,225,225,14,0.062222,6.22,4,-1.9252,0.688,0.625,0.325,0.406,0.675,35408,4.8,3,3.6
t5,Light sleeper,disruption,economic,lp6f007,Clock Inn Colombo,225,225,2,0.008889,0.89,8,-2.3902,0.719,0.688,0.0563,0.938,0.625,13715,3.8,2,3.4
t6,Beach weekender,spatial,disruption,lp102b02,Marino Beach Colombo,223,223,0,0.0,0.0,32,-2.0369,0.688,0.812,0.9047,0.469,0.625,30177,4.6,5,3.2
t6,Beach weekender,spatial,disruption,lp6557c6e0,Granbell Hotel Colombo,223,223,0,0.0,0.0,13,-2.4569,0.594,0.594,0.5422,0.5,0.35,28807,4.6,4,2.3
t6,Beach weekender,spatial,disruption,lp741c5,Cinnamon Red Colombo,223,223,0,0.0,0.0,14,-2.5975,0.531,0.531,0.6266,0.375,0.35,36530,4.5,4,1.9
t6,Beach weekender,spatial,disruption,lp9855f,Fairway Colombo - Sri Lanka's First Hotel With Robot Technology,223,223,0,0.0,0.0,15,-3.2659,0.062,0.062,0.525,0.531,0.5,28429,4.2,4,2.1
t6,Beach weekender,spatial,disruption,lp655a9e91,Zest Metropole,223,223,0,0.0,0.0,16,-3.2513,0.031,0.094,0.5375,0.656,0.5,21223,4.3,4,2.0
t6,Beach weekender,spatial,disruption,lp656d3aa9,Sofia Colombo City Hotel,223,223,0,0.0,0.0,26,-2.442,0.656,0.688,0.5922,0.594,0.35,23620,4.3,4,2.4
t6,Beach weekender,spatial,disruption,lp803e1,Galle Face Hotel,223,223,0,0.0,0.0,30,-3.0196,0.281,0.344,0.8141,0.281,0.4,38531,4.5,5,1.8
t6,Beach weekender,spatial,disruption,lpb1537,Shangri-La Colombo,223,223,10,0.044843,4.48,7,-2.8971,0.219,0.219,0.9281,0.031,0.4,68781,4.7,5,1.9
t6,Beach weekender,spatial,disruption,lp3e58e,The Kingsbury Colombo,223,223,0,0.0,0.0,12,-3.2028,0.156,0.156,0.8766,0.312,0.55,37025,4.2,5,2.2
t6,Beach weekender,spatial,disruption,lp30277,Hilton Colombo Residence,223,223,0,0.0,0.0,31,-3.0634,0.312,0.25,0.9062,0.188,0.55,43133,4.4,5,0.9
t6,Beach weekender,spatial,disruption,lp67708,Supun Arcade Residency,223,223,26,0.116592,11.66,3,-1.4195,0.938,0.875,0.4906,0.719,0.725,20768,3.8,4,5.7
t6,Beach weekender,spatial,disruption,lp7c172,Mirage Colombo,223,223,80,0.358744,35.87,1,-0.6081,0.969,0.969,0.6328,0.75,0.8,20482,3.8,4,6.3
t6,Beach weekender,spatial,disruption,lp33ddb,"Taj Samudra, Colombo",223,223,0,0.0,0.0,29,-3.0764,0.25,0.281,0.9016,0.156,0.55,43993,4.5,5,1.7
t6,Beach weekender,spatial,disruption,lpa0a8a,NH Collection Colombo,223,223,0,0.0,0.0,28,-2.6005,0.5,0.562,0.9594,0.344,0.325,36981,4.6,5,2.0
t6,Beach weekender,spatial,disruption,lp1bc0d,Hilton Colombo Hotel,223,223,0,0.0,0.0,27,-3.2827,0.188,0.031,0.8547,0.125,0.475,47767,4.2,5,1.9
t6,Beach weekender,spatial,disruption,lp71118,CityRest Fort,223,223,2,0.008969,0.9,10,-3.2433,0.094,0.125,0.1922,0.969,0.45,11502,3.5,3,2.0
t6,Beach weekender,spatial,disruption,lp43673,Pegasus Reef - A Beach Resort in Colombo,223,223,0,0.0,0.0,25,-3.364,0.0,0.0,0.5859,0.781,0.95,20121,4.0,4,8.1
t6,Beach weekender,spatial,disruption,lpc0df6,Fern Colombo,223,223,0,0.0,0.0,24,-2.8792,0.406,0.375,0.1422,0.844,0.75,16245,4.0,3,1.8
t6,Beach weekender,spatial,disruption,lp6574b103,"Amari Colombo, Sri Lanka",223,223,0,0.0,0.0,23,-2.7179,0.562,0.5,0.8687,0.219,0.4,42203,4.5,5,2.2
t6,Beach weekender,spatial,disruption,lp81760,The Steuart by Citrus,223,223,0,0.0,0.0,22,-3.2956,0.125,0.188,0.4266,0.625,0.5,22604,4.2,4,2.2
t6,Beach weekender,spatial,disruption,lp67286,Colombo Court Hotel & Spa,223,223,0,0.0,0.0,21,-2.2214,0.719,0.719,0.5938,0.094,0.725,52144,4.5,4,3.3
t6,Beach weekender,spatial,disruption,lpc08f9,Morven Hotel Colombo,223,223,0,0.0,0.0,20,-2.7823,0.469,0.469,0.6703,0.688,0.2,21054,4.5,4,2.1
t6,Beach weekender,spatial,disruption,lp857b8,Zylan Colombo,223,223,0,0.0,0.0,19,-2.9293,0.438,0.312,0.6047,0.438,0.8,34557,4.5,4,2.0
t6,Beach weekender,spatial,disruption,lp72a36,Best Western Elyon Colombo,223,223,0,0.0,0.0,18,-1.9572,0.844,0.781,0.5687,0.812,0.875,19568,4.2,4,5.1
t6,Beach weekender,spatial,disruption,lp800a1,Nyne Hotels Lake Lodge - Colombo,223,223,0,0.0,0.0,17,-2.8339,0.344,0.438,0.5094,0.25,0.2,39335,4.6,4,1.5
t6,Beach weekender,spatial,disruption,lp656d40c7,Sheraton Colombo Hotel,223,223,11,0.049327,4.93,6,-2.266,0.625,0.625,0.7312,0.062,0.4,56627,4.7,5,2.2
t6,Beach weekender,spatial,disruption,lp40d3f,Global Towers Hotel & Apartments,223,223,52,0.233184,23.32,2,-1.3219,0.906,0.938,0.5375,0.875,0.725,16041,3.5,4,5.6
t6,Beach weekender,spatial,disruption,lp5f0e5,Paradise Road Tintagel Colombo,223,223,1,0.004484,0.45,11,-2.8957,0.375,0.406,0.8687,0.0,0.85,96633,4.5,5,1.7
t6,Beach weekender,spatial,disruption,lp6e625,Hotel Janaki,223,223,4,0.017937,1.79,9,-2.1967,0.812,0.656,0.2188,0.906,0.825,15319,4.0,3,4.2
t6,Beach weekender,spatial,disruption,lp76eba,Radisson Hotel Colombo,223,223,20,0.089686,8.97,4,-1.5825,0.875,0.906,0.4703,0.562,0.8,27402,4.2,4,5.0
t6,Beach weekender,spatial,disruption,lp65589ffb,MaRadha Colombo,223,223,12,0.053812,5.38,5,-1.6369,0.781,0.844,0.325,0.406,0.675,35408,4.8,3,3.6
t6,Beach weekender,spatial,disruption,lp6f007,Clock Inn Colombo,223,223,5,0.022422,2.24,8,-2.2133,0.75,0.75,0.0563,0.938,0.625,13715,3.8,2,3.4
t7,Long-stay consultant,economic,accessibility,lp102b02,Marino Beach Colombo,223,223,0,0.0,0.0,32,-2.592,0.594,0.469,0.9047,0.469,0.625,30177,4.6,5,3.2
t7,Long-stay consultant,economic,accessibility,lp6557c6e0,Granbell Hotel Colombo,223,223,0,0.0,0.0,13,-2.6547,0.438,0.594,0.5422,0.5,0.35,28807,4.6,4,2.3
t7,Long-stay consultant,economic,accessibility,lp741c5,Cinnamon Red Colombo,223,223,1,0.004484,0.45,10,-2.1803,0.719,0.781,0.6266,0.375,0.35,36530,4.5,4,1.9
t7,Long-stay consultant,economic,accessibility,lp9855f,Fairway Colombo - Sri Lanka's First Hotel With Robot Technology,223,223,0,0.0,0.0,17,-3.2594,0.094,0.188,0.525,0.531,0.5,28429,4.2,4,2.1
t7,Long-stay consultant,economic,accessibility,lp655a9e91,Zest Metropole,223,223,0,0.0,0.0,22,-3.2013,0.125,0.219,0.5375,0.656,0.5,21223,4.3,4,2.0
t7,Long-stay consultant,economic,accessibility,lp656d3aa9,Sofia Colombo City Hotel,223,223,0,0.0,0.0,24,-2.5633,0.625,0.531,0.5922,0.594,0.35,23620,4.3,4,2.4
t7,Long-stay consultant,economic,accessibility,lp803e1,Galle Face Hotel,223,223,0,0.0,0.0,31,-2.9784,0.281,0.406,0.8141,0.281,0.4,38531,4.5,5,1.8
t7,Long-stay consultant,economic,accessibility,lpb1537,Shangri-La Colombo,223,223,9,0.040359,4.04,6,-2.9172,0.219,0.156,0.9281,0.031,0.4,68781,4.7,5,1.9
t7,Long-stay consultant,economic,accessibility,lp3e58e,The Kingsbury Colombo,223,223,0,0.0,0.0,11,-3.3111,0.062,0.062,0.8766,0.312,0.55,37025,4.2,5,2.2
t7,Long-stay consultant,economic,accessibility,lp30277,Hilton Colombo Residence,223,223,0,0.0,0.0,30,-1.9171,0.812,0.75,0.9062,0.188,0.55,43133,4.4,5,0.9
t7,Long-stay consultant,economic,accessibility,lp67708,Supun Arcade Residency,223,223,0,0.0,0.0,29,-3.0054,0.375,0.344,0.4906,0.719,0.725,20768,3.8,4,5.7
t7,Long-stay consultant,economic,accessibility,lp7c172,Mirage Colombo,223,223,0,0.0,0.0,28,-3.2441,0.25,0.031,0.6328,0.75,0.8,20482,3.8,4,6.3
t7,Long-stay consultant,economic,accessibility,lp33ddb,"Taj Samudra, Colombo",223,223,0,0.0,0.0,27,-3.0157,0.344,0.312,0.9016,0.156,0.55,43993,4.5,5,1.7
t7,Long-stay consultant,economic,accessibility,lpa0a8a,NH Collection Colombo,223,223,0,0.0,0.0,26,-2.2632,0.656,0.812,0.9594,0.344,0.325,36981,4.6,5,2.0
t7,Long-stay consultant,economic,accessibility,lp1bc0d,Hilton Colombo Hotel,223,223,0,0.0,0.0,25,-3.1988,0.188,0.094,0.8547,0.125,0.475,47767,4.2,5,1.9
t7,Long-stay consultant,economic,accessibility,lp71118,CityRest Fort,223,223,5,0.022422,2.24,7,-3.1156,0.156,0.25,0.1922,0.969,0.45,11502,3.5,3,2.0
t7,Long-stay consultant,economic,accessibility,lp43673,Pegasus Reef - A Beach Resort in Colombo,223,223,0,0.0,0.0,23,-3.3644,0.0,0.0,0.5859,0.781,0.95,20121,4.0,4,8.1
t7,Long-stay consultant,economic,accessibility,lpc0df6,Fern Colombo,223,223,54,0.242152,24.22,2,-1.1157,0.938,0.938,0.1422,0.844,0.75,16245,4.0,3,1.8
t7,Long-stay consultant,economic,accessibility,lp6574b103,"Amari Colombo, Sri Lanka",223,223,0,0.0,0.0,21,-2.5952,0.469,0.719,0.8687,0.219,0.4,42203,4.5,5,2.2
t7,Long-stay consultant,economic,accessibility,lp81760,The Steuart by Citrus,223,223,0,0.0,0.0,20,-3.3332,0.031,0.125,0.4266,0.625,0.5,22604,4.2,4,2.2
t7,Long-stay consultant,economic,accessibility,lp67286,Colombo Court Hotel & Spa,223,223,0,0.0,0.0,19,-1.9841,0.781,0.844,0.5938,0.094,0.725,52144,4.5,4,3.3
t7,Long-stay consultant,economic,accessibility,lpc08f9,Morven Hotel Colombo,223,223,0,0.0,0.0,18,-2.7883,0.5,0.5,0.6703,0.688,0.2,21054,4.5,4,2.1
t7,Long-stay consultant,economic,accessibility,lp857b8,Zylan Colombo,223,223,90,0.403587,40.36,1,-0.47,0.969,0.969,0.6047,0.438,0.8,34557,4.5,4,2.0
t7,Long-stay consultant,economic,accessibility,lp72a36,Best Western Elyon Colombo,223,223,0,0.0,0.0,16,-2.0153,0.844,0.625,0.5687,0.812,0.875,19568,4.2,4,5.1
t7,Long-stay consultant,economic,accessibility,lp800a1,Nyne Hotels Lake Lodge - Colombo,223,223,0,0.0,0.0,15,-2.2038,0.75,0.656,0.5094,0.25,0.2,39335,4.6,4,1.5
t7,Long-stay consultant,economic,accessibility,lp656d40c7,Sheraton Colombo Hotel,223,223,10,0.044843,4.48,5,-2.2409,0.531,0.688,0.7312,0.062,0.4,56627,4.7,5,2.2
t7,Long-stay consultant,economic,accessibility,lp40d3f,Global Towers Hotel & Apartments,223,223,0,0.0,0.0,14,-3.0913,0.312,0.281,0.5375,0.875,0.725,16041,3.5,4,5.6
t7,Long-stay consultant,economic,accessibility,lp5f0e5,Paradise Road Tintagel Colombo,223,223,36,0.161435,16.14,3,-1.309,0.906,0.906,0.8687,0.0,0.85,96633,4.5,5,1.7
t7,Long-stay consultant,economic,accessibility,lp6e625,Hotel Janaki,223,223,2,0.008969,0.9,9,-1.7517,0.875,0.875,0.2188,0.906,0.825,15319,4.0,3,4.2
t7,Long-stay consultant,economic,accessibility,lp76eba,Radisson Hotel Colombo,223,223,0,0.0,0.0,12,-2.9354,0.406,0.375,0.4703,0.562,0.8,27402,4.2,4,5.0
t7,Long-stay consultant,economic,accessibility,lp65589ffb,MaRadha Colombo,223,223,12,0.053812,5.38,4,-2.468,0.562,0.438,0.325,0.406,0.675,35408,4.8,3,3.6
t7,Long-stay consultant,economic,accessibility,lp6f007,Clock Inn Colombo,223,223,4,0.017937,1.79,8,-2.4741,0.688,0.562,0.0563,0.938,0.625,13715,3.8,2,3.4
t8,Value-seeking couple,facility,economic,lp102b02,Marino Beach Colombo,219,218,1,0.004587,0.46,9,-2.2838,0.719,0.719,0.9047,0.469,0.625,30177,4.6,5,3.2
t8,Value-seeking couple,facility,economic,lp6557c6e0,Granbell Hotel Colombo,219,219,51,0.232877,23.29,2,-1.2465,0.969,0.75,0.5422,0.5,0.35,28807,4.6,4,2.3
t8,Value-seeking couple,facility,economic,lp741c5,Cinnamon Red Colombo,219,218,0,0.0,0.0,13,-2.0214,0.781,0.844,0.6266,0.375,0.35,36530,4.5,4,1.9
t8,Value-seeking couple,facility,economic,lp9855f,Fairway Colombo - Sri Lanka's First Hotel With Robot Technology,219,219,0,0.0,0.0,15,-3.0632,0.281,0.125,0.525,0.531,0.5,28429,4.2,4,2.1
t8,Value-seeking couple,facility,economic,lp655a9e91,Zest Metropole,219,219,0,0.0,0.0,22,-3.0958,0.25,0.156,0.5375,0.656,0.5,21223,4.3,4,2.0
t8,Value-seeking couple,facility,economic,lp656d3aa9,Sofia Colombo City Hotel,219,219,18,0.082192,8.22,5,-1.6305,0.812,0.938,0.5922,0.594,0.35,23620,4.3,4,2.4
t8,Value-seeking couple,facility,economic,lp803e1,Galle Face Hotel,219,218,0,0.0,0.0,25,-2.419,0.688,0.562,0.8141,0.281,0.4,38531,4.5,5,1.8
t8,Value-seeking couple,facility,economic,lpb1537,Shangri-La Colombo,219,218,21,0.09633,9.63,4,-2.3456,0.5,0.438,0.9281,0.031,0.4,68781,4.7,5,1.9
t8,Value-seeking couple,facility,economic,lp3e58e,The Kingsbury Colombo,219,218,0,0.0,0.0,20,-2.9335,0.375,0.281,0.8766,0.312,0.55,37025,4.2,5,2.2
t8,Value-seeking couple,facility,economic,lp30277,Hilton Colombo Residence,219,218,0,0.0,0.0,21,-2.5408,0.656,0.406,0.9062,0.188,0.55,43133,4.4,5,0.9
t8,Value-seeking couple,facility,economic,lp67708,Supun Arcade Residency,219,219,0,0.0,0.0,30,-3.1379,0.094,0.469,0.4906,0.719,0.725,20768,3.8,4,5.7
t8,Value-seeking couple,facility,economic,lp7c172,Mirage Colombo,219,219,0,0.0,0.0,29,-3.3249,0.031,0.094,0.6328,0.75,0.8,20482,3.8,4,6.3
t8,Value-seeking couple,facility,economic,lp33ddb,"Taj Samudra, Colombo",219,218,0,0.0,0.0,28,-2.471,0.625,0.531,0.9016,0.156,0.55,43993,4.5,5,1.7
t8,Value-seeking couple,facility,economic,lpa0a8a,NH Collection Colombo,219,218,0,0.0,0.0,27,-1.7342,0.844,0.875,0.9594,0.344,0.325,36981,4.6,5,2.0
t8,Value-seeking couple,facility,economic,lp1bc0d,Hilton Colombo Hotel,219,218,0,0.0,0.0,26,-2.8825,0.406,0.062,0.8547,0.125,0.475,47767,4.2,5,1.9
t8,Value-seeking couple,facility,economic,lp71118,CityRest Fort,219,219,6,0.027397,2.74,8,-3.1582,0.312,0.188,0.1922,0.969,0.45,11502,3.5,3,2.0
t8,Value-seeking couple,facility,economic,lp43673,Pegasus Reef - A Beach Resort in Colombo,219,219,0,0.0,0.0,24,-3.3553,0.0,0.0,0.5859,0.781,0.95,20121,4.0,4,8.1
t8,Value-seeking couple,facility,economic,lpc0df6,Fern Colombo,219,219,0,0.0,0.0,23,-2.9879,0.438,0.281,0.1422,0.844,0.75,16245,4.0,3,1.8
t8,Value-seeking couple,facility,economic,lp6574b103,"Amari Colombo, Sri Lanka",219,218,35,0.16055,16.06,3,-1.2655,0.906,0.812,0.8687,0.219,0.4,42203,4.5,5,2.2
t8,Value-seeking couple,facility,economic,lp81760,The Steuart by Citrus,219,219,0,0.0,0.0,31,-3.1043,0.344,0.375,0.4266,0.625,0.5,22604,4.2,4,2.2
t8,Value-seeking couple,facility,economic,lp67286,Colombo Court Hotel & Spa,219,218,0,0.0,0.0,32,-2.3347,0.562,0.781,0.5938,0.094,0.725,52144,4.5,4,3.3
t8,Value-seeking couple,facility,economic,lpc08f9,Morven Hotel Colombo,219,219,0,0.0,0.0,19,-2.1394,0.875,0.656,0.6703,0.688,0.2,21054,4.5,4,2.1
t8,Value-seeking couple,facility,economic,lp857b8,Zylan Colombo,219,218,0,0.0,0.0,18,-3.0615,0.219,0.219,0.6047,0.438,0.8,34557,4.5,4,2.0
t8,Value-seeking couple,facility,economic,lp72a36,Best Western Elyon Colombo,219,219,0,0.0,0.0,17,-3.306,0.062,0.031,0.5687,0.812,0.875,19568,4.2,4,5.1
t8,Value-seeking couple,facility,economic,lp800a1,Nyne Hotels Lake Lodge - Colombo,219,218,0,0.0,0.0,16,-2.225,0.75,0.625,0.5094,0.25,0.2,39335,4.6,4,1.5
t8,Value-seeking couple,facility,economic,lp656d40c7,Sheraton Colombo Hotel,219,218,65,0.298165,29.82,1,-0.8228,0.938,0.969,0.7312,0.062,0.4,56627,4.7,5,2.2
t8,Value-seeking couple,facility,economic,lp40d3f,Global Towers Hotel & Apartments,219,219,0,0.0,0.0,14,-3.1171,0.125,0.5,0.5375,0.875,0.725,16041,3.5,4,5.6
t8,Value-seeking couple,facility,economic,lp5f0e5,Paradise Road Tintagel Colombo,219,218,14,0.06422,6.42,6,-2.441,0.469,0.344,0.8687,0.0,0.85,96633,4.5,5,1.7
t8,Value-seeking couple,facility,economic,lp6e625,Hotel Janaki,219,219,1,0.004566,0.46,11,-3.1858,0.188,0.25,0.2188,0.906,0.825,15319,4.0,3,4.2
t8,Value-seeking couple,facility,economic,lp76eba,Radisson Hotel Colombo,219,219,0,0.0,0.0,12,-3.0053,0.156,0.594,0.4703,0.562,0.8,27402,4.2,4,5.0
t8,Value-seeking couple,facility,economic,lp65589ffb,MaRadha Colombo,219,218,6,0.027523,2.75,7,-2.3306,0.531,0.688,0.325,0.406,0.675,35408,4.8,3,3.6
t8,Value-seeking couple,facility,economic,lp6f007,Clock Inn Colombo,219,219,1,0.004566,0.46,10,-2.5197,0.594,0.906,0.0563,0.938,0.625,13715,3.8,2,3.4
t9,Remote worker,disruption,spatial,lp102b02,Marino Beach Colombo,205,204,0,0.0,0.0,32,-2.0501,0.688,0.812,0.9047,0.469,0.625,30177,4.6,5,3.2
t9,Remote worker,disruption,spatial,lp6557c6e0,Granbell Hotel Colombo,205,204,0,0.0,0.0,13,-2.4113,0.594,0.594,0.5422,0.5,0.35,28807,4.6,4,2.3
t9,Remote worker,disruption,spatial,lp741c5,Cinnamon Red Colombo,205,204,0,0.0,0.0,15,-2.585,0.562,0.531,0.6266,0.375,0.35,36530,4.5,4,1.9
t9,Remote worker,disruption,spatial,lp9855f,Fairway Colombo - Sri Lanka's First Hotel With Robot Technology,205,204,0,0.0,0.0,16,-3.3102,0.062,0.062,0.525,0.531,0.5,28429,4.2,4,2.1
t9,Remote worker,disruption,spatial,lp655a9e91,Zest Metropole,205,204,0,0.0,0.0,17,-3.2648,0.031,0.094,0.5375,0.656,0.5,21223,4.3,4,2.0
t9,Remote worker,disruption,spatial,lp656d3aa9,Sofia Colombo City Hotel,205,204,0,0.0,0.0,27,-2.4499,0.656,0.719,0.5922,0.594,0.35,23620,4.3,4,2.4
t9,Remote worker,disruption,spatial,lp803e1,Galle Face Hotel,205,204,0,0.0,0.0,12,-3.0131,0.281,0.406,0.8141,0.281,0.4,38531,4.5,5,1.8
t9,Remote worker,disruption,spatial,lpb1537,Shangri-La Colombo,205,204,6,0.029412,2.94,7,-2.8558,0.219,0.219,0.9281,0.031,0.4,68781,4.7,5,1.9
t9,Remote worker,disruption,spatial,lp3e58e,The Kingsbury Colombo,205,204,1,0.004902,0.49,10,-3.2222,0.156,0.156,0.8766,0.312,0.55,37025,4.2,5,2.2
t9,Remote worker,disruption,spatial,lp30277,Hilton Colombo Residence,205,204,0,0.0,0.0,21,-3.0397,0.312,0.25,0.9062,0.188,0.55,43133,4.4,5,0.9
t9,Remote worker,disruption,spatial,lp67708,Supun Arcade Residency,205,204,34,0.166667,16.67,3,-1.3759,0.938,0.875,0.4906,0.719,0.725,20768,3.8,4,5.7
t9,Remote worker,disruption,spatial,lp7c172,Mirage Colombo,205,204,70,0.343137,34.31,1,-0.5923,0.969,0.969,0.6328,0.75,0.8,20482,3.8,4,6.3
t9,Remote worker,disruption,spatial,lp33ddb,"Taj Samudra, Colombo",205,204,0,0.0,0.0,30,-3.0437,0.25,0.312,0.9016,0.156,0.55,43993,4.5,5,1.7
t9,Remote worker,disruption,spatial,lpa0a8a,NH Collection Colombo,205,204,0,0.0,0.0,29,-2.5857,0.5,0.562,0.9594,0.344,0.325,36981,4.6,5,2.0
t9,Remote worker,disruption,spatial,lp1bc0d,Hilton Colombo Hotel,205,204,0,0.0,0.0,28,-3.2189,0.188,0.031,0.8547,0.125,0.475,47767,4.2,5,1.9
t9,Remote worker,disruption,spatial,lp71118,CityRest Fort,205,205,3,0.014634,1.46,8,-3.3273,0.125,0.125,0.1922,0.969,0.45,11502,3.5,3,2.0
t9,Remote worker,disruption,spatial,lp43673,Pegasus Reef - A Beach Resort in Colombo,205,204,0,0.0,0.0,26,-3.4063,0.0,0.0,0.5859,0.781,0.95,20121,4.0,4,8.1
t9,Remote worker,disruption,spatial,lpc0df6,Fern Colombo,205,205,0,0.0,0.0,25,-2.9393,0.406,0.344,0.1422,0.844,0.75,16245,4.0,3,1.8
t9,Remote worker,disruption,spatial,lp6574b103,"Amari Colombo, Sri Lanka",205,204,0,0.0,0.0,24,-2.6953,0.531,0.5,0.8687,0.219,0.4,42203,4.5,5,2.2
t9,Remote worker,disruption,spatial,lp81760,The Steuart by Citrus,205,204,0,0.0,0.0,23,-3.3255,0.094,0.188,0.4266,0.625,0.5,22604,4.2,4,2.2
t9,Remote worker,disruption,spatial,lp67286,Colombo Court Hotel & Spa,205,204,0,0.0,0.0,31,-2.1173,0.719,0.688,0.5938,0.094,0.725,52144,4.5,4,3.3
t9,Remote worker,disruption,spatial,lpc08f9,Morven Hotel Colombo,205,204,0,0.0,0.0,22,-2.7756,0.469,0.469,0.6703,0.688,0.2,21054,4.5,4,2.1
t9,Remote worker,disruption,spatial,lp857b8,Zylan Colombo,205,204,0,0.0,0.0,20,-2.9334,0.438,0.281,0.6047,0.438,0.8,34557,4.5,4,2.0
t9,Remote worker,disruption,spatial,lp72a36,Best Western Elyon Colombo,205,205,0,0.0,0.0,19,-1.9521,0.844,0.75,0.5687,0.812,0.875,19568,4.2,4,5.1
t9,Remote worker,disruption,spatial,lp800a1,Nyne Hotels Lake Lodge - Colombo,205,204,0,0.0,0.0,18,-2.8251,0.344,0.438,0.5094,0.25,0.2,39335,4.6,4,1.5
t9,Remote worker,disruption,spatial,lp656d40c7,Sheraton Colombo Hotel,205,204,12,0.058824,5.88,6,-2.2586,0.625,0.625,0.7312,0.062,0.4,56627,4.7,5,2.2
t9,Remote worker,disruption,spatial,lp40d3f,Global Towers Hotel & Apartments,205,205,49,0.239024,23.9,2,-1.3593,0.906,0.938,0.5375,0.875,0.725,16041,3.5,4,5.6
t9,Remote worker,disruption,spatial,lp5f0e5,Paradise Road Tintagel Colombo,205,204,2,0.009804,0.98,9,-2.8451,0.375,0.375,0.8687,0.0,0.85,96633,4.5,5,1.7
t9,Remote worker,disruption,spatial,lp6e625,Hotel Janaki,205,205,0,0.0,0.0,14,-2.204,0.812,0.656,0.2188,0.906,0.825,15319,4.0,3,4.2
t9,Remote worker,disruption,spatial,lp76eba,Radisson Hotel Colombo,205,204,13,0.063725,6.37,5,-1.5817,0.875,0.906,0.4703,0.562,0.8,27402,4.2,4,5.0
t9,Remote worker,disruption,spatial,lp65589ffb,MaRadha Colombo,205,204,14,0.068627,6.86,4,-1.6278,0.781,0.844,0.325,0.406,0.675,35408,4.8,3,3.6
t9,Remote worker,disruption,spatial,lp6f007,Clock Inn Colombo,205,205,1,0.004878,0.49,11,-2.3285,0.75,0.781,0.0563,0.938,0.625,13715,3.8,2,3.4
t10,Business traveller,accessibility,facility,lp102b02,Marino Beach Colombo,201,200,0,0.0,0.0,32,-2.6125,0.5,0.469,0.9047,0.469,0.625,30177,4.6,5,3.2
t10,Business traveller,accessibility,facility,lp6557c6e0,Granbell Hotel Colombo,201,200,0,0.0,0.0,14,-2.6971,0.312,0.594,0.5422,0.5,0.35,28807,4.6,4,2.3
t10,Business traveller,accessibility,facility,lp741c5,Cinnamon Red Colombo,201,200,0,0.0,0.0,15,-2.5471,0.531,0.781,0.6266,0.375,0.35,36530,4.5,4,1.9
t10,Business traveller,accessibility,facility,lp9855f,Fairway Colombo - Sri Lanka's First Hotel With Robot Technology,201,200,0,0.0,0.0,17,-3.2293,0.094,0.125,0.525,0.531,0.5,28429,4.2,4,2.1
t10,Business traveller,accessibility,facility,lp655a9e91,Zest Metropole,201,200,0,0.0,0.0,19,-3.2308,0.125,0.219,0.5375,0.656,0.5,21223,4.3,4,2.0
t10,Business traveller,accessibility,facility,lp656d3aa9,Sofia Colombo City Hotel,201,200,0,0.0,0.0,20,-2.7872,0.469,0.531,0.5922,0.594,0.35,23620,4.3,4,2.4
t10,Business traveller,accessibility,facility,lp803e1,Galle Face Hotel,201,200,0,0.0,0.0,25,-2.9955,0.25,0.406,0.8141,0.281,0.4,38531,4.5,5,1.8
t10,Business traveller,accessibility,facility,lpb1537,Shangri-La Colombo,201,200,8,0.04,4.0,6,-2.9194,0.219,0.188,0.9281,0.031,0.4,68781,4.7,5,1.9
t10,Business traveller,accessibility,facility,lp3e58e,The Kingsbury Colombo,201,200,0,0.0,0.0,27,-3.3454,0.062,0.062,0.8766,0.312,0.55,37025,4.2,5,2.2
t10,Business traveller,accessibility,facility,lp30277,Hilton Colombo Residence,201,200,0,0.0,0.0,28,-2.3563,0.656,0.719,0.9062,0.188,0.55,43133,4.4,5,0.9
t10,Business traveller,accessibility,facility,lp67708,Supun Arcade Residency,201,200,0,0.0,0.0,21,-2.4091,0.781,0.344,0.4906,0.719,0.725,20768,3.8,4,5.7
t10,Business traveller,accessibility,facility,lp7c172,Mirage Colombo,201,200,0,0.0,0.0,12,-2.9636,0.562,0.156,0.6328,0.75,0.8,20482,3.8,4,6.3
t10,Business traveller,accessibility,facility,lp33ddb,"Taj Samudra, Colombo",201,200,0,0.0,0.0,30,-3.0796,0.281,0.312,0.9016,0.156,0.55,43993,4.5,5,1.7
t10,Business traveller,accessibility,facility,lpa0a8a,NH Collection Colombo,201,200,0,0.0,0.0,29,-2.4022,0.438,0.812,0.9594,0.344,0.325,36981,4.6,5,2.0
t10,Business traveller,accessibility,facility,lp1bc0d,Hilton Colombo Hotel,201,200,1,0.005,0.5,10,-3.2414,0.188,0.031,0.8547,0.125,0.475,47767,4.2,5,1.9
t10,Business traveller,accessibility,facility,lp71118,CityRest Fort,201,201,1,0.004975,0.5,11,-3.2446,0.156,0.25,0.1922,0.969,0.45,11502,3.5,3,2.0
t10,Business traveller,accessibility,facility,lp43673,Pegasus Reef - A Beach Resort in Colombo,201,200,0,0.0,0.0,26,-3.3878,0.0,0.0,0.5859,0.781,0.95,20121,4.0,4,8.1
t10,Business traveller,accessibility,facility,lpc0df6,Fern Colombo,201,201,41,0.20398,20.4,3,-1.278,0.875,0.938,0.1422,0.844,0.75,16245,4.0,3,1.8
t10,Business traveller,accessibility,facility,lp6574b103,"Amari Colombo, Sri Lanka",201,200,0,0.0,0.0,24,-2.8063,0.375,0.688,0.8687,0.219,0.4,42203,4.5,5,2.2
t10,Business traveller,accessibility,facility,lp81760,The Steuart by Citrus,201,200,0,0.0,0.0,23,-3.3399,0.031,0.094,0.4266,0.625,0.5,22604,4.2,4,2.2
t10,Business traveller,accessibility,facility,lp67286,Colombo Court Hotel & Spa,201,200,0,0.0,0.0,31,-1.9133,0.812,0.844,0.5938,0.094,0.725,52144,4.5,4,3.3
t10,Business traveller,accessibility,facility,lpc08f9,Morven Hotel Colombo,201,200,0,0.0,0.0,22,-2.9006,0.344,0.5,0.6703,0.688,0.2,21054,4.5,4,2.1
t10,Business traveller,accessibility,facility,lp857b8,Zylan Colombo,201,200,61,0.305,30.5,1,-0.7546,0.938,0.969,0.6047,0.438,0.8,34557,4.5,4,2.0
t10,Business traveller,accessibility,facility,lp72a36,Best Western Elyon Colombo,201,201,50,0.248756,24.88,2,-1.1161,0.969,0.75,0.5687,0.812,0.875,19568,4.2,4,5.1
t10,Business traveller,accessibility,facility,lp800a1,Nyne Hotels Lake Lodge - Colombo,201,200,0,0.0,0.0,18,-2.2821,0.594,0.625,0.5094,0.25,0.2,39335,4.6,4,1.5
t10,Business traveller,accessibility,facility,lp656d40c7,Sheraton Colombo Hotel,201,200,6,0.03,3.0,7,-2.4778,0.406,0.656,0.7312,0.062,0.4,56627,4.7,5,2.2
t10,Business traveller,accessibility,facility,lp40d3f,Global Towers Hotel & Apartments,201,201,0,0.0,0.0,16,-2.6107,0.688,0.281,0.5375,0.875,0.725,16041,3.5,4,5.6
t10,Business traveller,accessibility,facility,lp5f0e5,Paradise Road Tintagel Colombo,201,200,16,0.08,8.0,4,-1.5357,0.844,0.906,0.8687,0.0,0.85,96633,4.5,5,1.7
t10,Business traveller,accessibility,facility,lp6e625,Hotel Janaki,201,201,2,0.00995,1.0,9,-1.6371,0.906,0.875,0.2188,0.906,0.825,15319,4.0,3,4.2
t10,Business traveller,accessibility,facility,lp76eba,Radisson Hotel Colombo,201,200,0,0.0,0.0,13,-2.6664,0.719,0.375,0.4703,0.562,0.8,27402,4.2,4,5.0
t10,Business traveller,accessibility,facility,lp65589ffb,MaRadha Colombo,201,200,11,0.055,5.5,5,-2.3723,0.625,0.438,0.325,0.406,0.675,35408,4.8,3,3.6
t10,Business traveller,accessibility,facility,lp6f007,Clock Inn Colombo,201,201,4,0.0199,1.99,8,-2.3897,0.75,0.562,0.0563,0.938,0.625,13715,3.8,2,3.4
